{
  "model": "M3",
  "micro_f1": 0.7284620293554562,
  "auprc": 0.8554397121714399,
  "best_epoch": 5.0
}