{
  "model": "M3",
  "micro_f1": 0.7227185705169112,
  "auprc": 0.8479532672063936,
  "best_epoch": 5.0
}