{
  "model": "M2",
  "micro_f1": 0.6892150606253988,
  "auprc": 0.8130293085662208,
  "best_epoch": 5.0
}