{
  "model": "M1_marker",
  "micro_f1": 0.7035737077217613,
  "auprc": 0.8151902519660151,
  "best_epoch": 5.0
}