{
  "model": "M3_LS",
  "micro_f1": 0.7555839183152521,
  "auprc": 0.7188495888784524,
  "best_epoch": 1.0
}