{
  "model": "M1_marker",
  "micro_f1": 0.7038927887683472,
  "auprc": 0.815202376328933,
  "best_epoch": 5.0
}