{
  "model": "M2",
  "micro_f1": 0.6997447351627313,
  "auprc": 0.8131382859188471,
  "best_epoch": 5.0
}